Producto,Categoría,Precio,Unidades_vendidas,Stock_disponible,Año_de_lanzamiento
Auriculares,Teléfono,805,804,271,2014
Monitor,Accesorio,1998,481,347,2020
Mouse,Computadora,982,663,419,2009
Auriculares,Computadora,602,114,289,2013
Tablet,Computadora,1147,749,212,2012
Cargador,Computadora,1073,578,381,2004
Mouse,Computadora,1334,361,272,2005
Mouse,Computadora,233,341,418,2023
Auriculares,Computadora,327,770,66,2001
Smartphone,Teléfono,358,987,483,2021
Tablet,Accesorio,124,761,424,2016
Auriculares,Computadora,707,969,248,2003
Tablet,Teléfono,1356,449,156,2013
Tablet,Teléfono,1601,843,47,2009
Cargador,Accesorio,1073,835,423,2002
Mouse,Computadora,1899,180,454,2002
Monitor,Accesorio,49,702,201,2014
Cargador,Computadora,1892,407,148,2005
Cargador,Teléfono,1782,666,124,2016
Tablet,Teléfono,1322,196,1,2011
Teclado,Teléfono,1295,466,456,2021
Mouse,Teléfono,225,311,247,2019
Smartphone,Accesorio,1180,262,343,2023
Cargador,Computadora,345,419,128,2010
Monitor,Computadora,1201,406,191,2003
Teclado,Accesorio,101,939,67,2005
Teclado,Computadora,362,143,4,2000
Smartphone,Teléfono,580,342,442,2019
Cargador,Computadora,1604,316,409,2022
Monitor,Teléfono,825,101,303,2015
Mouse,Accesorio,1714,244,294,2014
Laptop,Computadora,790,490,143,2016
Monitor,Accesorio,372,12,191,2007
Smartphone,Computadora,566,239,21,2011
Teclado,Teléfono,1378,561,227,2021
Mouse,Accesorio,1726,42,313,2020
Monitor,Computadora,1203,678,117,2009
Laptop,Teléfono,365,594,437,2014
Laptop,Accesorio,200,429,302,2008
Tablet,Accesorio,1700,803,142,2001
Tablet,Computadora,431,158,484,2004
Auriculares,Computadora,709,216,460,2005
Smartphone,Computadora,16,670,401,2006
Cargador,Teléfono,142,462,39,2020
Monitor,Computadora,1780,134,393,2000
Monitor,Accesorio,566,67,355,2022
Cargador,Accesorio,835,848,252,2006
Auriculares,Computadora,770,7,333,2019
Teclado,Computadora,1064,948,207,2011
Teclado,Accesorio,544,526,210,2015
Auriculares,Teléfono,435,73,115,2015
Teclado,Computadora,1427,399,225,2010
Tablet,Computadora,681,405,134,2020
Monitor,Accesorio,372,675,251,2003
Auriculares,Computadora,1470,578,219,2012
Monitor,Teléfono,1703,859,407,2006
Cargador,Accesorio,1584,130,443,2003
Laptop,Computadora,1960,931,91,2014
Tablet,Accesorio,91,466,354,2018
Mouse,Computadora,365,206,376,2008
Tablet,Computadora,1291,788,46,2010
Auriculares,Computadora,1751,978,38,2007
Mouse,Teléfono,598,768,142,2000
Laptop,Teléfono,1557,266,100,2022
Auriculares,Accesorio,304,537,328,2023
Smartphone,Computadora,1995,962,190,2007
Monitor,Computadora,1257,793,35,2012
Laptop,Teléfono,1558,253,147,2021
Monitor,Computadora,1079,822,30,2003
Teclado,Teléfono,1700,289,334,2007
Smartphone,Computadora,1146,164,84,2002
Smartphone,Accesorio,1266,95,369,2008
Laptop,Computadora,26,782,281,2001
Smartphone,Computadora,369,833,424,2001
Mouse,Teléfono,1256,110,344,2012
Smartphone,Computadora,875,336,270,2014
Monitor,Computadora,709,822,154,2022
Monitor,Teléfono,457,238,102,2011
Auriculares,Accesorio,865,381,215,2003
Monitor,Accesorio,374,436,150,2007
Auriculares,Teléfono,684,899,432,2008
Monitor,Teléfono,1017,483,83,2022
Mouse,Teléfono,1359,937,110,2004
Cargador,Teléfono,476,902,435,2023
Auriculares,Teléfono,423,25,387,2019
Tablet,Accesorio,1488,653,426,2017
Teclado,Accesorio,595,117,275,2010
Laptop,Teléfono,1266,482,201,2014
Monitor,Computadora,1257,392,284,2021
Smartphone,Teléfono,1003,917,468,2008
Cargador,Computadora,1864,994,173,2016
Monitor,Teléfono,1445,964,327,2011
Smartphone,Teléfono,581,537,206,2006
Teclado,Accesorio,344,79,63,2009
Teclado,Computadora,1255,580,73,2009
Teclado,Computadora,46,173,251,2012
Smartphone,Accesorio,998,956,124,2018
Monitor,Accesorio,287,12,375,2010
Teclado,Accesorio,1229,800,121,2012
Mouse,Accesorio,925,128,275,2020
Auriculares,Computadora,1897,608,431,2007
Smartphone,Computadora,493,92,398,2007
Smartphone,Teléfono,1275,653,120,2003
Monitor,Teléfono,1357,543,422,2014
Smartphone,Accesorio,740,846,437,2010
Smartphone,Accesorio,201,532,317,2010
Teclado,Accesorio,1050,658,164,2000
Monitor,Teléfono,533,989,424,2016
Teclado,Teléfono,927,828,465,2014
Auriculares,Teléfono,410,447,286,2019
Cargador,Teléfono,1939,390,265,2005
Auriculares,Teléfono,895,672,320,2023
Cargador,Teléfono,714,861,161,2021
Teclado,Teléfono,31,43,376,2014
Auriculares,Accesorio,483,254,308,2008
Monitor,Accesorio,1153,130,89,2013
Laptop,Accesorio,219,60,142,2017
Teclado,Accesorio,315,663,203,2016
Cargador,Teléfono,1303,467,309,2017
Mouse,Computadora,713,287,227,2004
Cargador,Teléfono,696,517,489,2019
Mouse,Computadora,294,467,443,2019
Smartphone,Accesorio,725,930,334,2008
Auriculares,Teléfono,1709,778,222,2010
Mouse,Accesorio,772,345,41,2023
Cargador,Teléfono,1260,642,196,2021
Smartphone,Accesorio,957,382,68,2000
Laptop,Computadora,390,779,476,2017
Monitor,Computadora,469,690,264,2005
Monitor,Computadora,1040,253,2,2001
Monitor,Teléfono,38,927,361,2014
Mouse,Computadora,916,56,125,2020
Laptop,Teléfono,1066,463,110,2013
Mouse,Computadora,1679,457,86,2004
Auriculares,Computadora,888,983,425,2005
Mouse,Teléfono,88,83,120,2005
Laptop,Teléfono,1961,905,127,2021
Laptop,Computadora,956,99,255,2017
Auriculares,Teléfono,468,149,183,2013
Laptop,Computadora,579,329,16,2009
Cargador,Teléfono,1571,156,477,2013
Laptop,Accesorio,1515,190,62,2012
Monitor,Accesorio,1463,494,369,2002
Cargador,Accesorio,747,883,432,2005
Cargador,Accesorio,1318,263,158,2007
Auriculares,Accesorio,525,80,268,2011
Tablet,Computadora,1132,400,35,2012
Tablet,Accesorio,406,764,267,2010
Laptop,Accesorio,1522,609,64,2011
Cargador,Accesorio,48,260,494,2000
Tablet,Accesorio,1304,772,50,2016
Tablet,Teléfono,896,615,469,2015
Laptop,Computadora,806,552,255,2010
Tablet,Accesorio,166,785,149,2012
Mouse,Accesorio,1108,101,325,2017
Smartphone,Accesorio,893,359,304,2010
Auriculares,Computadora,1833,380,276,2011
Smartphone,Teléfono,1163,820,357,2005
Laptop,Computadora,1720,221,451,2008
Monitor,Teléfono,983,820,172,2015
Auriculares,Accesorio,1117,420,417,2003
Laptop,Accesorio,1055,124,201,2002
Cargador,Computadora,1492,422,445,2015
Monitor,Computadora,1572,231,393,2023
Smartphone,Teléfono,1740,690,324,2011
Laptop,Teléfono,858,63,35,2010
Cargador,Computadora,1415,485,465,2004
Auriculares,Teléfono,757,628,482,2017
Auriculares,Computadora,1473,703,216,2018
Teclado,Teléfono,1637,574,480,2022
Cargador,Computadora,998,768,65,2022
Mouse,Computadora,30,483,8,2005
Tablet,Computadora,312,519,301,2021
Monitor,Teléfono,878,155,343,2017
Cargador,Teléfono,1988,92,431,2005
Teclado,Teléfono,93,982,424,2003
Tablet,Computadora,1807,526,332,2011
Tablet,Teléfono,1692,455,438,2018
Laptop,Teléfono,1986,741,76,2001
Tablet,Computadora,1486,598,174,2016
Mouse,Accesorio,1420,645,47,2010
Auriculares,Computadora,1540,510,15,2010
Teclado,Teléfono,1290,183,361,2020
Tablet,Computadora,579,386,147,2015
Laptop,Accesorio,1925,574,26,2001
Mouse,Computadora,943,731,308,2001
Smartphone,Teléfono,1560,405,93,2022
Auriculares,Accesorio,1195,246,406,2007
Auriculares,Teléfono,1990,742,232,2012
Teclado,Accesorio,1196,591,21,2009
Auriculares,Accesorio,1865,661,307,2007
Tablet,Computadora,1018,650,38,2003
Laptop,Computadora,802,471,276,2014
Auriculares,Teléfono,801,826,157,2000
Auriculares,Computadora,1557,888,179,2010
Smartphone,Computadora,1819,423,132,2006
Smartphone,Accesorio,1304,901,311,2016
Monitor,Computadora,501,65,455,2019
Mouse,Accesorio,217,13,348,2023
Tablet,Accesorio,1572,213,28,2017
Auriculares,Accesorio,1617,986,260,2021
Cargador,Teléfono,1093,242,406,2021
Auriculares,Teléfono,439,493,76,2011
Laptop,Teléfono,994,213,429,2008
Monitor,Accesorio,1690,693,67,2004
Mouse,Teléfono,1638,338,342,2009
Cargador,Teléfono,1342,997,492,2003
Monitor,Computadora,529,173,194,2004
Teclado,Teléfono,600,672,472,2009
Mouse,Teléfono,1060,164,162,2010
Auriculares,Accesorio,1719,465,347,2020
Auriculares,Accesorio,1595,995,439,2023
Mouse,Accesorio,208,497,361,2009
Auriculares,Accesorio,396,700,257,2007
Tablet,Accesorio,358,395,72,2001
Mouse,Accesorio,969,703,87,2022
Monitor,Teléfono,1973,917,422,2007
Mouse,Accesorio,702,308,262,2015
Cargador,Accesorio,1569,768,214,2021
Auriculares,Computadora,1861,183,153,2004
Tablet,Teléfono,387,629,210,2002
Tablet,Teléfono,908,794,401,2011
Teclado,Teléfono,925,510,61,2012
Monitor,Accesorio,1591,708,268,2012
Smartphone,Accesorio,536,546,262,2009
Smartphone,Accesorio,1186,564,218,2003
Mouse,Computadora,743,624,283,2008
Teclado,Accesorio,215,764,136,2021
Laptop,Computadora,464,594,467,2023
Mouse,Teléfono,1306,744,380,2022
Teclado,Accesorio,1927,227,362,2001
Monitor,Computadora,1269,745,449,2018
Monitor,Computadora,1885,733,441,2000
Monitor,Accesorio,1773,436,93,2006
Monitor,Teléfono,530,925,109,2016
Monitor,Teléfono,1711,422,241,2002
Teclado,Teléfono,1977,554,355,2019
Teclado,Computadora,1026,21,424,2019
Tablet,Computadora,965,554,142,2020
Cargador,Computadora,1864,397,291,2002
Smartphone,Computadora,735,625,432,2002
Auriculares,Teléfono,1023,105,237,2016
Monitor,Accesorio,510,192,340,2006
Laptop,Computadora,126,17,312,2013
Auriculares,Computadora,395,120,177,2016
Teclado,Teléfono,1377,393,141,2017
Laptop,Accesorio,593,425,189,2012
Laptop,Accesorio,404,129,486,2019
Laptop,Teléfono,1097,130,49,2019
Tablet,Teléfono,1750,572,302,2020
Teclado,Accesorio,730,560,369,2017
Laptop,Computadora,81,29,190,2003
Monitor,Accesorio,1822,97,136,2000
Mouse,Teléfono,283,10,43,2017
Laptop,Computadora,1353,242,404,2000
Tablet,Computadora,347,826,380,2012
Auriculares,Teléfono,1399,956,353,2019
Teclado,Teléfono,1528,232,90,2019
Cargador,Teléfono,616,789,295,2022
Tablet,Accesorio,175,284,341,2009
Laptop,Accesorio,1577,715,245,2010
Teclado,Computadora,20,759,433,2008
Mouse,Teléfono,1334,802,192,2008
Laptop,Computadora,738,776,318,2004
Tablet,Computadora,810,955,106,2000
Smartphone,Computadora,111,726,363,2016
Monitor,Computadora,1458,200,310,2021
Cargador,Teléfono,1425,945,382,2001
Auriculares,Computadora,788,79,233,2023
Tablet,Teléfono,223,913,265,2012
Teclado,Teléfono,1724,956,344,2008
Cargador,Accesorio,1121,855,37,2003
Cargador,Teléfono,1586,856,305,2004
Cargador,Accesorio,410,173,41,2010
Laptop,Teléfono,597,467,17,2023
Monitor,Teléfono,898,581,344,2018
Laptop,Teléfono,1079,416,277,2020
Teclado,Accesorio,1705,940,307,2002
Laptop,Accesorio,1496,449,59,2011
Smartphone,Computadora,601,87,423,2018
Monitor,Accesorio,1343,101,183,2018
Monitor,Accesorio,1119,8,41,2012
Teclado,Accesorio,101,845,39,2006
Auriculares,Accesorio,1693,200,397,2014
Smartphone,Computadora,682,505,192,2022
Tablet,Accesorio,723,87,267,2006
Laptop,Teléfono,945,43,494,2007
Mouse,Teléfono,1961,385,147,2004
Laptop,Accesorio,251,621,395,2020
Cargador,Accesorio,1898,435,333,2013
Laptop,Teléfono,11,408,127,2003
Tablet,Teléfono,234,483,46,2022
Laptop,Computadora,810,664,45,2009
Smartphone,Teléfono,1778,17,1,2019
Smartphone,Teléfono,1959,645,168,2014
Monitor,Accesorio,1962,148,108,2017
Teclado,Teléfono,598,277,19,2019
Auriculares,Computadora,125,232,332,2012
Mouse,Teléfono,1699,826,72,2007
Cargador,Accesorio,927,927,456,2008
Laptop,Accesorio,1136,366,445,2015
Laptop,Teléfono,203,228,109,2018
Tablet,Accesorio,1199,651,268,2015
Teclado,Computadora,880,436,445,2006
Smartphone,Computadora,99,399,240,2013
Mouse,Teléfono,1719,211,417,2013
Monitor,Teléfono,131,391,301,2003
Smartphone,Teléfono,152,499,90,2014
Cargador,Accesorio,1003,540,103,2002
Teclado,Computadora,115,563,476,2004
Cargador,Computadora,896,491,250,2000
Auriculares,Accesorio,437,442,453,2002
Monitor,Computadora,1338,261,8,2014
Auriculares,Teléfono,1905,773,153,2023
Tablet,Teléfono,326,350,347,2007
Cargador,Teléfono,1996,352,174,2003
Tablet,Computadora,644,520,343,2001
Laptop,Teléfono,1935,320,158,2023
Auriculares,Accesorio,18,138,493,2023
Teclado,Accesorio,783,550,431,2009
Cargador,Computadora,1106,623,215,2003
Mouse,Accesorio,1392,992,177,2002
Monitor,Accesorio,232,368,175,2001
Smartphone,Computadora,1449,220,340,2016
Teclado,Teléfono,562,337,338,2022
Teclado,Teléfono,1403,223,146,2020
Tablet,Teléfono,725,648,450,2023
Auriculares,Computadora,1297,768,324,2019
Cargador,Accesorio,1873,360,478,2022
Cargador,Teléfono,1723,921,161,2012
Laptop,Teléfono,1893,329,127,2004
Laptop,Computadora,1351,962,420,2020
Monitor,Teléfono,1117,463,82,2008
Tablet,Computadora,1351,946,485,2021
Teclado,Accesorio,120,963,147,2005
Cargador,Computadora,260,561,239,2004
Mouse,Computadora,392,804,412,2009
Tablet,Computadora,16,382,424,2007
Monitor,Computadora,468,836,84,2006
Monitor,Accesorio,1117,590,113,2006
Tablet,Accesorio,217,617,225,2005
Monitor,Teléfono,909,169,332,2020
Tablet,Accesorio,1423,217,378,2019
Smartphone,Accesorio,1347,378,243,2002
Tablet,Teléfono,31,119,143,2018
Auriculares,Accesorio,419,190,41,2021
Tablet,Computadora,904,767,423,2014
Monitor,Computadora,524,370,258,2003
Cargador,Teléfono,1160,778,447,2011
Auriculares,Teléfono,818,149,285,2005
Monitor,Teléfono,1733,676,105,2018
Laptop,Computadora,883,652,202,2003
Laptop,Accesorio,23,859,450,2014
Cargador,Computadora,980,488,307,2008
Cargador,Teléfono,987,770,331,2004
Auriculares,Accesorio,1023,374,461,2012
Smartphone,Accesorio,1045,781,266,2022
Cargador,Computadora,96,693,398,2017
Laptop,Teléfono,1557,160,210,2004
Tablet,Computadora,918,351,51,2015
Monitor,Accesorio,1570,912,118,2018
Laptop,Computadora,1334,288,201,2013
Laptop,Computadora,1276,288,377,2015
Smartphone,Teléfono,131,892,39,2014
Auriculares,Teléfono,1180,226,28,2021
Auriculares,Accesorio,1600,523,259,2003
Teclado,Computadora,759,522,84,2006
Smartphone,Computadora,1389,783,454,2015
Tablet,Computadora,694,273,155,2023
Auriculares,Accesorio,1937,936,117,2021
Monitor,Accesorio,1766,402,2,2020
Cargador,Teléfono,1664,183,93,2021
Smartphone,Teléfono,318,969,166,2020
Cargador,Teléfono,704,665,387,2007
Laptop,Computadora,297,488,400,2016
Monitor,Computadora,316,827,350,2015
Monitor,Teléfono,1845,846,296,2022
Laptop,Computadora,1627,124,258,2009
Smartphone,Teléfono,1999,985,81,2009
Laptop,Accesorio,923,626,425,2001
Cargador,Teléfono,1756,790,268,2008
Teclado,Accesorio,671,414,419,2016
Monitor,Computadora,558,980,235,2010
Mouse,Teléfono,1385,725,321,2009
Mouse,Computadora,321,172,311,2021
Cargador,Accesorio,882,288,301,2016
Tablet,Accesorio,1092,435,463,2003
Auriculares,Accesorio,1676,686,474,2015
Laptop,Computadora,933,113,357,2019
Laptop,Computadora,1747,888,213,2014
Tablet,Computadora,764,917,62,2020
Tablet,Computadora,44,995,49,2004
Cargador,Accesorio,454,122,127,2005
Cargador,Accesorio,102,544,223,2016
Tablet,Teléfono,1983,222,409,2000
Monitor,Teléfono,1992,631,279,2018
Cargador,Computadora,1240,39,408,2003
Teclado,Accesorio,362,497,294,2016
Cargador,Accesorio,912,780,284,2008
Laptop,Accesorio,1365,233,277,2023
Cargador,Teléfono,1850,943,438,2001
Monitor,Teléfono,871,530,107,2007
Tablet,Accesorio,1758,149,146,2014
Laptop,Accesorio,168,397,420,2006
Cargador,Accesorio,1987,661,99,2005
Monitor,Teléfono,966,638,429,2000
Teclado,Accesorio,33,904,375,2014
Cargador,Accesorio,413,302,73,2022
Monitor,Computadora,814,360,437,2006
Teclado,Computadora,525,238,486,2016
Tablet,Teléfono,741,647,122,2001
Cargador,Accesorio,1397,663,30,2008
Teclado,Accesorio,1415,236,188,2008
Laptop,Computadora,541,736,364,2012
Tablet,Teléfono,965,203,354,2005
Laptop,Computadora,161,256,288,2005
Mouse,Computadora,1595,598,451,2019
Smartphone,Computadora,1722,662,195,2019
Cargador,Computadora,956,235,156,2020
Teclado,Accesorio,617,345,172,2002
Smartphone,Accesorio,1650,534,335,2016
Smartphone,Computadora,429,860,41,2016
Teclado,Teléfono,1283,797,63,2011
Tablet,Teléfono,1150,781,23,2015
Cargador,Teléfono,875,466,360,2014
Mouse,Teléfono,1545,770,75,2012
Laptop,Computadora,1773,541,48,2022
Monitor,Accesorio,587,213,160,2000
Laptop,Teléfono,344,463,313,2016
Monitor,Computadora,1451,436,118,2002
Laptop,Teléfono,941,283,100,2014
Teclado,Teléfono,1807,562,380,2003
Mouse,Computadora,304,607,417,2003
Cargador,Accesorio,1971,463,408,2017
Monitor,Accesorio,764,407,167,2016
Cargador,Computadora,1404,88,290,2018
Cargador,Accesorio,195,44,440,2010
Cargador,Computadora,1279,461,156,2019
Auriculares,Computadora,646,278,421,2002
Tablet,Computadora,1301,683,7,2007
Laptop,Accesorio,1676,421,196,2013
Cargador,Computadora,1270,701,421,2000
Laptop,Teléfono,539,353,56,2013
Cargador,Accesorio,1585,696,321,2001
Monitor,Accesorio,30,515,193,2022
Tablet,Accesorio,920,703,47,2003
Tablet,Accesorio,1770,630,148,2023
Teclado,Teléfono,876,19,275,2018
Auriculares,Accesorio,803,23,157,2005
Teclado,Accesorio,1553,413,202,2000
Teclado,Computadora,109,30,444,2016
Teclado,Accesorio,761,807,402,2007
Teclado,Teléfono,487,108,476,2018
Teclado,Teléfono,1632,367,419,2020
Mouse,Teléfono,1331,281,427,2000
Tablet,Teléfono,949,128,495,2004
Teclado,Accesorio,535,229,479,2015
Cargador,Accesorio,343,111,475,2005
Tablet,Teléfono,11,136,126,2007
Tablet,Teléfono,384,362,395,2012
Smartphone,Accesorio,302,186,305,2015
Mouse,Teléfono,846,656,369,2002
Teclado,Computadora,1967,584,294,2018
Laptop,Teléfono,1014,129,64,2011
Monitor,Teléfono,562,876,325,2015
Auriculares,Computadora,327,261,392,2010
Cargador,Computadora,1535,515,418,2009
Laptop,Accesorio,1861,449,176,2019
Mouse,Accesorio,390,900,116,2003
Monitor,Computadora,1656,104,440,2011
Mouse,Computadora,23,483,204,2022
Cargador,Accesorio,513,224,486,2001
Tablet,Teléfono,240,832,321,2023
Monitor,Computadora,1117,874,31,2021
Tablet,Accesorio,139,866,388,2018
Cargador,Teléfono,1776,491,113,2004
Laptop,Computadora,847,473,365,2007
Cargador,Teléfono,1178,10,434,2006
Laptop,Accesorio,900,405,325,2013
Monitor,Computadora,1890,896,414,2023
Monitor,Teléfono,37,302,376,2022
Teclado,Computadora,75,231,344,2002
Mouse,Teléfono,1196,731,443,2017
Teclado,Accesorio,1262,923,67,2015
Mouse,Accesorio,270,66,75,2022
Teclado,Computadora,1482,937,45,2018
Tablet,Teléfono,1457,112,260,2018
Monitor,Computadora,469,13,154,2017
Laptop,Computadora,1985,393,155,2019
Mouse,Teléfono,1709,500,430,2015
Cargador,Teléfono,310,932,363,2007
Mouse,Teléfono,928,598,448,2000
Laptop,Accesorio,1336,234,475,2016
Teclado,Computadora,296,602,234,2011
Mouse,Computadora,1428,314,51,2020
Auriculares,Accesorio,1043,566,306,2010
Tablet,Teléfono,1740,12,262,2004
Monitor,Accesorio,639,209,315,2011
Laptop,Accesorio,279,974,125,2016
Monitor,Accesorio,601,14,399,2005
Auriculares,Computadora,1638,633,245,2000
Mouse,Accesorio,1811,418,30,2004
Mouse,Computadora,853,437,426,2013
Cargador,Computadora,871,377,485,2004
Auriculares,Computadora,1394,20,122,2021
Laptop,Teléfono,1290,587,125,2023
Cargador,Computadora,142,912,37,2000
Tablet,Computadora,1309,755,170,2017
Cargador,Teléfono,1809,735,124,2015
Smartphone,Computadora,1716,70,357,2008
Laptop,Accesorio,981,824,35,2018
Smartphone,Accesorio,522,211,87,2021
Auriculares,Computadora,322,101,134,2004
Teclado,Teléfono,585,698,196,2001
Smartphone,Accesorio,895,132,274,2014
Tablet,Teléfono,1317,623,201,2006
Cargador,Teléfono,1154,381,369,2003
Teclado,Accesorio,1140,132,285,2000
Cargador,Teléfono,1966,20,77,2012
Smartphone,Accesorio,696,906,59,2019
Cargador,Teléfono,1237,536,431,2021
Auriculares,Accesorio,174,227,126,2006
Teclado,Computadora,314,154,401,2014
Auriculares,Accesorio,1530,805,109,2022
Smartphone,Accesorio,1665,742,224,2013
Auriculares,Accesorio,1589,469,496,2022
Tablet,Accesorio,1857,822,278,2018
Smartphone,Teléfono,165,871,68,2021
Smartphone,Computadora,1400,405,69,2023
Smartphone,Accesorio,1752,202,165,2019
Laptop,Teléfono,1935,38,489,2023
Cargador,Computadora,629,942,305,2017
Laptop,Computadora,1284,772,397,2009
Laptop,Computadora,966,188,162,2008
Tablet,Computadora,1949,57,365,2007
Teclado,Accesorio,1915,941,342,2009
Cargador,Accesorio,343,20,309,2016
Auriculares,Teléfono,1675,273,379,2001
Mouse,Teléfono,978,119,343,2005
Smartphone,Teléfono,520,583,435,2004
Auriculares,Computadora,1326,516,387,2008
Smartphone,Computadora,1053,221,42,2004
Tablet,Accesorio,291,526,354,2017
Smartphone,Computadora,806,515,416,2019
Laptop,Computadora,1034,728,109,2008
Cargador,Computadora,128,741,51,2016
Mouse,Teléfono,1068,336,250,2016
Monitor,Teléfono,207,698,497,2011
Smartphone,Accesorio,494,55,341,2006
Auriculares,Computadora,1790,500,430,2002
Laptop,Computadora,1092,900,383,2009
Monitor,Accesorio,846,888,492,2001
Mouse,Computadora,1194,766,21,2002
Monitor,Computadora,1018,536,300,2015
Laptop,Teléfono,700,162,139,2001
Cargador,Accesorio,1239,670,359,2023
Cargador,Accesorio,1045,594,324,2009
Teclado,Accesorio,499,915,499,2005
Cargador,Accesorio,285,159,385,2021
Teclado,Teléfono,702,188,92,2010
Monitor,Teléfono,251,60,447,2022
Tablet,Computadora,1249,915,280,2006
Auriculares,Computadora,1284,817,125,2014
Auriculares,Computadora,1844,319,483,2005
Monitor,Computadora,135,878,397,2019
Smartphone,Teléfono,226,211,111,2008
Smartphone,Accesorio,1339,406,354,2021
Cargador,Teléfono,1830,664,139,2019
Auriculares,Computadora,1218,109,484,2011
Auriculares,Teléfono,1072,76,435,2018
Teclado,Accesorio,1256,542,273,2019
Tablet,Accesorio,1217,314,99,2002
Laptop,Teléfono,504,998,252,2014
Smartphone,Teléfono,436,117,338,2001
Auriculares,Teléfono,1211,927,104,2020
Teclado,Computadora,928,868,214,2001
Mouse,Teléfono,1461,704,249,2021
Teclado,Teléfono,1327,19,152,2002
Smartphone,Teléfono,1885,432,250,2005
Smartphone,Accesorio,160,685,275,2014
Teclado,Accesorio,393,740,165,2009
Laptop,Computadora,1671,350,487,2008
Monitor,Computadora,1846,183,341,2000
Smartphone,Accesorio,317,113,8,2015
Teclado,Accesorio,1369,183,284,2005
Auriculares,Accesorio,1979,481,5,2008
Teclado,Teléfono,755,146,145,2003
Tablet,Teléfono,901,831,101,2001
Monitor,Accesorio,384,628,164,2003
Mouse,Teléfono,1041,113,374,2000
Laptop,Teléfono,1374,763,147,2018
Cargador,Computadora,138,476,64,2009
Mouse,Accesorio,1024,763,91,2020
Monitor,Accesorio,1809,303,117,2014
Monitor,Teléfono,678,971,354,2021
Monitor,Accesorio,1385,825,267,2018
Mouse,Computadora,1391,118,310,2015
Auriculares,Computadora,526,813,173,2020
Monitor,Computadora,1528,161,47,2023
Teclado,Accesorio,95,401,140,2021
Mouse,Accesorio,1208,198,246,2003
Cargador,Accesorio,1835,260,149,2001
Monitor,Accesorio,1226,660,246,2012
Teclado,Accesorio,320,752,395,2000
Auriculares,Computadora,1152,47,487,2016
Tablet,Teléfono,1251,987,476,2012
Auriculares,Computadora,436,399,5,2003
Cargador,Accesorio,1447,710,465,2006
Monitor,Computadora,123,559,184,2016
Cargador,Accesorio,1178,78,20,2008
Mouse,Accesorio,1571,124,425,2003
Smartphone,Computadora,1681,75,46,2018
Monitor,Accesorio,312,871,12,2000
Smartphone,Teléfono,753,137,70,2009
Teclado,Accesorio,1914,602,17,2003
Tablet,Teléfono,597,400,371,2008
Laptop,Teléfono,996,837,147,2012
Cargador,Accesorio,1873,505,154,2013
Auriculares,Computadora,354,500,304,2009
Tablet,Teléfono,823,573,108,2005
Monitor,Computadora,1997,138,236,2015
Smartphone,Teléfono,810,50,308,2005
Auriculares,Accesorio,1034,771,352,2016
Smartphone,Accesorio,1180,973,70,2009
Mouse,Teléfono,1320,619,183,2017
Smartphone,Accesorio,1687,625,250,2021
Mouse,Teléfono,1086,862,228,2017
Teclado,Accesorio,1337,254,102,2002
Auriculares,Computadora,1102,630,75,2019
Auriculares,Accesorio,370,710,417,2020
Laptop,Computadora,1635,849,446,2014
Monitor,Accesorio,1991,877,216,2014
Mouse,Computadora,1253,563,407,2003
Laptop,Accesorio,1995,757,399,2008
Smartphone,Computadora,1019,915,411,2018
Smartphone,Teléfono,713,426,203,2023
Laptop,Teléfono,1999,547,192,2016
Auriculares,Computadora,584,302,249,2010
Smartphone,Accesorio,1618,922,499,2008
Cargador,Computadora,1194,581,242,2009
Teclado,Accesorio,1714,349,465,2017
Teclado,Teléfono,1122,832,179,2019
Cargador,Accesorio,697,933,437,2012
Laptop,Teléfono,790,980,462,2007
Cargador,Accesorio,594,49,219,2006
Mouse,Accesorio,1790,917,82,2016
Mouse,Accesorio,598,74,92,2020
Laptop,Computadora,1192,704,435,2022
Cargador,Computadora,498,261,175,2014
Mouse,Teléfono,980,356,239,2019
Auriculares,Teléfono,1357,582,260,2014
Cargador,Computadora,1643,602,391,2000
Auriculares,Teléfono,1414,260,365,2013
Mouse,Computadora,1135,638,163,2004
Teclado,Accesorio,503,743,48,2010
Mouse,Teléfono,1677,295,329,2015
Auriculares,Teléfono,1647,931,328,2001
Tablet,Computadora,28,641,116,2007
Monitor,Teléfono,1487,792,429,2010
Smartphone,Teléfono,1515,313,337,2017
Cargador,Accesorio,1627,612,337,2002
Tablet,Teléfono,406,838,369,2000
Mouse,Accesorio,1010,809,225,2010
Teclado,Computadora,1312,182,352,2015
Laptop,Teléfono,860,686,328,2017
Mouse,Accesorio,1398,828,147,2015
Teclado,Computadora,1364,364,63,2022
Monitor,Teléfono,1674,188,294,2009
Mouse,Computadora,1377,569,323,2017
Auriculares,Teléfono,831,543,443,2005
Laptop,Computadora,464,596,325,2018
Teclado,Computadora,1634,664,13,2003
Teclado,Accesorio,734,985,431,2012
Teclado,Computadora,1688,548,494,2023
Monitor,Teléfono,1098,725,189,2013
Mouse,Teléfono,1109,926,287,2002
Monitor,Accesorio,720,408,208,2009
Cargador,Teléfono,152,876,114,2005
Smartphone,Teléfono,926,618,480,2000
Smartphone,Teléfono,1948,414,22,2022
Cargador,Computadora,837,342,349,2023
Mouse,Computadora,614,220,214,2013
Auriculares,Teléfono,1506,903,171,2007
Monitor,Accesorio,1450,163,323,2018
Laptop,Computadora,314,951,54,2013
Teclado,Accesorio,745,220,394,2009
Teclado,Teléfono,1530,270,298,2016
Mouse,Teléfono,300,632,320,2008
Auriculares,Computadora,1973,906,126,2005
Smartphone,Teléfono,111,848,277,2010
Smartphone,Computadora,1300,400,464,2006
Teclado,Teléfono,876,182,204,2016
Mouse,Teléfono,977,991,194,2000
Monitor,Computadora,1655,618,169,2021
Smartphone,Computadora,983,729,152,2004
Monitor,Computadora,851,205,35,2008
Auriculares,Teléfono,971,582,184,2017
Smartphone,Teléfono,951,556,286,2023
Smartphone,Accesorio,1810,841,57,2020
Tablet,Computadora,1036,813,222,2001
Smartphone,Teléfono,94,228,303,2010
Cargador,Teléfono,1827,696,163,2005
Laptop,Computadora,337,619,19,2007
Cargador,Accesorio,825,596,370,2003
Mouse,Computadora,1483,850,264,2017
Mouse,Accesorio,463,250,282,2010
Monitor,Teléfono,1957,875,113,2004
Cargador,Accesorio,638,441,488,2014
Cargador,Teléfono,1254,533,327,2017
Cargador,Computadora,1187,196,30,2001
Auriculares,Computadora,674,690,135,2021
Smartphone,Computadora,21,929,67,2010
Laptop,Accesorio,1166,987,65,2012
Monitor,Teléfono,313,519,292,2003
Cargador,Computadora,1326,70,25,2021
Cargador,Computadora,984,639,37,2006
Tablet,Teléfono,1333,399,1,2010
Monitor,Computadora,1773,978,399,2021
Cargador,Teléfono,792,672,37,2023
Monitor,Teléfono,52,760,141,2003
Smartphone,Teléfono,953,203,232,2014
Tablet,Teléfono,352,148,136,2000
Monitor,Teléfono,1359,472,389,2022
Laptop,Accesorio,1847,655,188,2002
Laptop,Computadora,507,944,128,2013
Mouse,Accesorio,373,199,201,2005
Tablet,Computadora,900,917,127,2017
Tablet,Accesorio,436,426,257,2000
Mouse,Teléfono,1014,666,164,2005
Monitor,Computadora,30,492,35,2005
Tablet,Computadora,416,888,194,2020
Laptop,Accesorio,628,896,191,2015
Laptop,Accesorio,1024,142,104,2004
Cargador,Computadora,345,313,23,2016
Smartphone,Accesorio,1848,165,265,2009
Tablet,Accesorio,1150,314,290,2020
Monitor,Accesorio,1157,21,430,2017
Mouse,Teléfono,408,82,462,2006
Mouse,Teléfono,802,581,384,2002
Monitor,Accesorio,1837,131,260,2012
Auriculares,Accesorio,724,599,414,2014
Teclado,Teléfono,60,730,479,2019
Smartphone,Teléfono,1816,933,358,2018
Mouse,Computadora,333,984,75,2002
Tablet,Computadora,798,305,355,2003
Smartphone,Teléfono,150,915,72,2004
Tablet,Accesorio,479,371,259,2000
Auriculares,Accesorio,796,857,398,2003
Laptop,Accesorio,1835,853,188,2011
Smartphone,Accesorio,1367,384,461,2023
Cargador,Computadora,1926,908,173,2009
Mouse,Teléfono,973,445,480,2022
Smartphone,Accesorio,1017,425,290,2020
Smartphone,Computadora,382,161,45,2019
Smartphone,Accesorio,1597,178,61,2023
Teclado,Teléfono,503,629,83,2012
Smartphone,Computadora,1572,708,123,2022
Tablet,Teléfono,1702,895,358,2013
Laptop,Teléfono,760,490,16,2022
Auriculares,Computadora,1189,327,66,2004
Monitor,Computadora,300,598,424,2003
Smartphone,Computadora,1681,289,145,2013
Mouse,Computadora,1177,593,375,2009
Smartphone,Computadora,115,664,162,2016
Mouse,Computadora,1453,573,234,2009
Tablet,Computadora,679,573,380,2006
Mouse,Accesorio,1691,354,144,2015
Cargador,Teléfono,11,28,358,2000
Monitor,Computadora,1978,954,188,2016
Laptop,Accesorio,598,43,322,2020
Mouse,Accesorio,653,681,450,2008
Mouse,Accesorio,99,423,474,2005
Laptop,Teléfono,1378,598,13,2018
Monitor,Computadora,359,177,184,2012
Smartphone,Accesorio,1492,529,111,2002
Mouse,Teléfono,1296,610,415,2006
Laptop,Teléfono,1384,966,290,2021
Cargador,Teléfono,1141,494,295,2008
Cargador,Accesorio,1619,198,451,2021
Tablet,Computadora,1072,610,392,2004
Laptop,Accesorio,918,577,215,2009
Tablet,Accesorio,168,842,462,2022
Cargador,Computadora,1616,853,120,2016
Monitor,Computadora,968,517,382,2011
Smartphone,Computadora,321,514,55,2022
Laptop,Teléfono,1274,22,27,2015
Auriculares,Computadora,1971,112,118,2002
Cargador,Accesorio,454,57,221,2021
Cargador,Computadora,307,66,231,2008
Auriculares,Accesorio,961,842,53,2014
Teclado,Teléfono,45,98,295,2004
Cargador,Accesorio,1117,144,321,2022
Mouse,Accesorio,1485,880,401,2012
Monitor,Computadora,1919,435,233,2013
Laptop,Computadora,1808,637,158,2019
Auriculares,Accesorio,1855,679,437,2014
Mouse,Computadora,1418,86,269,2015
Auriculares,Teléfono,1205,588,21,2022
Laptop,Teléfono,1409,344,403,2012
Tablet,Computadora,1718,936,53,2016
Laptop,Teléfono,1395,294,275,2022
Teclado,Computadora,568,956,313,2007
Laptop,Accesorio,900,571,281,2020
Laptop,Accesorio,150,650,214,2001
Teclado,Teléfono,896,611,31,2004
Monitor,Computadora,1951,704,337,2005
Cargador,Computadora,1151,243,183,2011
Laptop,Teléfono,1310,831,23,2017
Teclado,Accesorio,735,561,32,2021
Mouse,Teléfono,1253,960,446,2021
Tablet,Accesorio,1938,32,74,2000
Tablet,Computadora,1059,391,10,2016
Laptop,Accesorio,530,277,484,2010
Monitor,Teléfono,1816,532,456,2009
Monitor,Computadora,19,154,54,2018
Mouse,Teléfono,993,383,52,2013
Laptop,Teléfono,387,68,148,2009
Tablet,Accesorio,1666,878,160,2014
Monitor,Teléfono,1670,884,370,2018
Laptop,Accesorio,691,214,14,2003
Auriculares,Computadora,593,655,178,2001
Monitor,Accesorio,161,376,412,2008
Teclado,Computadora,729,744,366,2009
Auriculares,Accesorio,1082,213,53,2010
Cargador,Teléfono,1187,79,408,2013
Monitor,Accesorio,868,726,335,2006
Tablet,Accesorio,1326,628,22,2022
Smartphone,Computadora,1613,604,30,2014
Auriculares,Teléfono,59,782,191,2021
Cargador,Accesorio,673,923,260,2018
Mouse,Teléfono,540,381,205,2021
Mouse,Accesorio,1645,680,59,2014
Tablet,Accesorio,1093,58,471,2023
Monitor,Teléfono,1200,796,264,2007
Laptop,Accesorio,1235,26,466,2010
Monitor,Teléfono,866,881,12,2008
Tablet,Accesorio,155,447,119,2014
Mouse,Computadora,924,66,415,2000
Monitor,Teléfono,1709,921,462,2000
Mouse,Accesorio,1002,760,290,2018
Auriculares,Accesorio,1472,254,338,2002
Cargador,Computadora,251,899,248,2009
Laptop,Teléfono,590,968,354,2007
Auriculares,Accesorio,696,44,127,2014
Mouse,Computadora,1594,97,75,2009
Mouse,Accesorio,492,554,361,2000
Smartphone,Teléfono,1141,227,204,2017
Smartphone,Accesorio,1259,774,49,2001
Auriculares,Accesorio,682,679,79,2018
Teclado,Accesorio,640,436,441,2012
Auriculares,Accesorio,670,791,479,2021
Smartphone,Computadora,671,601,241,2000
Mouse,Computadora,1465,379,349,2001
Tablet,Teléfono,814,178,154,2015
Auriculares,Computadora,1688,427,274,2014
Mouse,Computadora,428,915,96,2012
Tablet,Teléfono,997,709,214,2015
Tablet,Computadora,1488,307,294,2016
Smartphone,Computadora,1193,779,209,2020
Auriculares,Teléfono,1556,504,343,2006
Monitor,Teléfono,659,268,88,2023
Laptop,Teléfono,978,586,306,2016
Smartphone,Accesorio,599,8,264,2006
Smartphone,Accesorio,1110,920,425,2012
Monitor,Teléfono,518,508,390,2004
Laptop,Teléfono,450,476,325,2016
Mouse,Teléfono,1287,297,428,2002
Teclado,Accesorio,930,164,377,2006
Auriculares,Accesorio,779,485,320,2016
Teclado,Computadora,1353,597,157,2006
Mouse,Computadora,1836,72,156,2020
Cargador,Teléfono,272,567,139,2000
Smartphone,Accesorio,1630,905,121,2016
Laptop,Accesorio,1691,559,65,2016
Smartphone,Accesorio,1868,911,107,2010
Tablet,Teléfono,1587,944,147,2002
Smartphone,Computadora,1407,238,137,2014
Smartphone,Teléfono,646,104,411,2020
Mouse,Computadora,1200,210,162,2010
Mouse,Computadora,1970,554,428,2015
Mouse,Teléfono,1786,828,452,2021
Teclado,Computadora,468,468,100,2008
Tablet,Computadora,1008,454,338,2023
Cargador,Accesorio,1313,268,399,2023
Cargador,Computadora,709,386,307,2000
Mouse,Teléfono,311,775,141,2021
Laptop,Teléfono,1564,848,83,2015
Teclado,Computadora,1613,387,177,2008
Monitor,Accesorio,1251,877,198,2018
Laptop,Accesorio,1135,259,112,2011
Auriculares,Computadora,563,283,56,2018
Auriculares,Computadora,297,626,460,2021
Laptop,Teléfono,1200,875,179,2008
Mouse,Computadora,630,40,421,2006
Monitor,Accesorio,1015,486,401,2013
Monitor,Computadora,45,929,186,2018
Teclado,Teléfono,753,220,471,2018
Monitor,Teléfono,1774,129,218,2001
Auriculares,Teléfono,362,520,413,2008
Tablet,Teléfono,1709,613,417,2012
Mouse,Teléfono,1932,928,316,2014
Monitor,Computadora,82,892,475,2002
Teclado,Computadora,657,688,217,2010
Auriculares,Computadora,1386,619,120,2020
Tablet,Computadora,1924,613,439,2013
Smartphone,Teléfono,1103,260,394,2007
Smartphone,Accesorio,434,990,175,2017
Tablet,Computadora,1008,966,23,2018
Auriculares,Accesorio,717,366,213,2015
Teclado,Computadora,1814,758,405,2001
Tablet,Computadora,570,787,235,2007
Mouse,Accesorio,837,544,13,2021
Mouse,Teléfono,1675,649,101,2005
Smartphone,Computadora,965,524,417,2011
Monitor,Computadora,526,907,24,2014
Teclado,Computadora,437,814,364,2007
Smartphone,Accesorio,1572,887,11,2003
Monitor,Teléfono,169,16,273,2014
Monitor,Accesorio,158,129,452,2019
Cargador,Accesorio,785,575,431,2016
Mouse,Teléfono,1263,109,281,2012
Auriculares,Accesorio,1745,887,94,2017
Laptop,Teléfono,1595,533,201,2001
Auriculares,Computadora,76,670,21,2012
Laptop,Teléfono,1023,269,340,2012
Tablet,Computadora,1845,162,467,2021
Mouse,Accesorio,390,260,211,2014
Monitor,Accesorio,67,924,140,2019
Teclado,Computadora,1292,102,293,2009
Laptop,Accesorio,351,506,298,2002
Auriculares,Teléfono,1871,735,401,2018
Monitor,Computadora,1163,571,101,2002
Laptop,Accesorio,736,247,304,2021
Laptop,Computadora,1205,640,359,2013
Cargador,Teléfono,779,795,28,2007
Laptop,Teléfono,623,837,41,2022
Teclado,Accesorio,1242,537,355,2003
Mouse,Teléfono,1836,131,303,2019
Teclado,Computadora,363,353,496,2010
Smartphone,Teléfono,1504,196,146,2010
Monitor,Computadora,1831,793,256,2010
Mouse,Computadora,125,916,462,2001
Cargador,Teléfono,1297,930,227,2016
Mouse,Accesorio,671,666,236,2008
Mouse,Teléfono,1845,382,361,2001
Auriculares,Computadora,1475,645,380,2023
Mouse,Computadora,1581,227,455,2014
Cargador,Teléfono,462,701,489,2015
Teclado,Accesorio,1878,476,13,2003
Mouse,Accesorio,1510,477,210,2007
Tablet,Computadora,296,265,229,2008
Monitor,Computadora,1336,372,397,2004
Mouse,Accesorio,1026,486,100,2015
Monitor,Teléfono,320,434,31,2012
Tablet,Computadora,217,646,386,2006
Tablet,Computadora,627,211,16,2019
Monitor,Accesorio,455,572,137,2016
Laptop,Teléfono,679,940,329,2002
Smartphone,Accesorio,642,377,166,2004
Auriculares,Teléfono,64,395,459,2018
Laptop,Teléfono,921,450,310,2011
Laptop,Teléfono,1045,943,440,2006
Teclado,Computadora,666,364,470,2008
Auriculares,Accesorio,1433,876,481,2005
Auriculares,Accesorio,1941,457,100,2016
Laptop,Teléfono,1681,725,109,2015
Mouse,Computadora,989,728,343,2022
Teclado,Computadora,524,226,173,2002
Teclado,Accesorio,1689,982,237,2020
Tablet,Computadora,1575,131,162,2003
Cargador,Computadora,246,588,393,2009
Auriculares,Teléfono,1312,476,216,2004
Laptop,Computadora,357,798,264,2020
Tablet,Teléfono,636,986,263,2021
Monitor,Accesorio,1137,277,292,2009
Smartphone,Computadora,639,156,274,2011
Cargador,Accesorio,1550,760,3,2009
Cargador,Accesorio,1905,218,28,2012
Cargador,Computadora,1281,190,326,2010
Teclado,Computadora,373,417,492,2021
Monitor,Accesorio,330,981,428,2015
Cargador,Computadora,1666,675,149,2007
Monitor,Teléfono,295,692,28,2007
Mouse,Teléfono,158,546,488,2007
Cargador,Computadora,1117,41,310,2012
Smartphone,Accesorio,1999,307,438,2001
Monitor,Computadora,415,943,65,2011
Monitor,Computadora,987,338,356,2009
Smartphone,Accesorio,465,314,21,2011
Cargador,Accesorio,1776,75,252,2010
Smartphone,Teléfono,809,953,235,2014
Monitor,Accesorio,1194,279,227,2015
Smartphone,Teléfono,1022,176,13,2016
Monitor,Accesorio,793,896,313,2001
Monitor,Computadora,469,662,49,2017
Mouse,Teléfono,1583,273,118,2011
Laptop,Teléfono,1533,837,54,2018
Monitor,Teléfono,747,620,138,2022
Cargador,Computadora,518,651,53,2017
Tablet,Computadora,1687,862,44,2016
